<?xml version="1.0" encoding="UTF-8"?>
<schema version="1.0" xmlns="http://www.apple.com/metadata"
                      xmlns:xsi="http://www.w3.org/2001/XMLSchema-instance"
                      xsi:schemaLocation="http://www.apple.com/metadata file:///System/Library/Frameworks/CoreServices.framework/Frameworks/Metadata.framework/Resources/MetadataSchema.xsd">
    <types>
        <type name="com.bean-osx.bean.beandocument">
            <allattrs> 
            	kMDItemTextContent kMDItemTitle kMDItemAuthors kMDItemSubject kMDItemKeywords kMDItemComment
           </allattrs>
            <displayattrs>
            	kMDItemTextContent
            </displayattrs>
        </type>
    </types>
</schema>
